METRIC,LABEL,NUMERATOR,DENOMINATOR,DISPLAY,INTERPRETATION,SUPPORTING_ARTIFACT
FUNCTIONALITY_PASS,V1 functionality pass,46,48,46/48,"Endpoint measured continuity, not requested-task completion.",frozen V1 post-primary analysis; hash-bound in artifacts/v2-preflight/v1-immutability.json
EMPTY_FINAL_PATCH,Empty final patch,46,48,46/48,Most trajectories made no repository change.,frozen V1 post-primary analysis; hash-bound in artifacts/v2-preflight/v1-immutability.json
SECURITY_PASS,Focal security pass,0,48,0/48,The focal security endpoint was at floor.,frozen V1 post-primary analysis; hash-bound in artifacts/v2-preflight/v1-immutability.json
TREATED_NO_DETECTABLE_UPTAKE,Treated: no detectable uptake,22,24,22/24,Post-treatment descriptive coding only.,frozen V1 post-primary analysis; hash-bound in artifacts/v2-preflight/v1-immutability.json
TREATED_WEAK_LEXICAL_REFERENCE,Treated: weak lexical reference,2,24,2/24,No concrete source fact or procedure was reused.,frozen V1 post-primary analysis; hash-bound in artifacts/v2-preflight/v1-immutability.json
SUBSTANTIVE_PROCEDURAL_UPTAKE,Treated: substantive procedural uptake,0,24,0/24,"No general, source-specific, or faithful procedural uptake.",frozen V1 post-primary analysis; hash-bound in artifacts/v2-preflight/v1-immutability.json
CONTEXT_EXHAUSTION,Context exhaustion,38,48,38/48,Termination under the fixed physical context.,frozen V1 post-primary analysis; hash-bound in artifacts/v2-preflight/v1-immutability.json
PAIRED_SEED_ENDPOINTS_IDENTICAL,Paired-seed endpoints identical,24,24,24/24,Nominal seeds added no endpoint variation.,frozen V1 post-primary analysis; hash-bound in artifacts/v2-preflight/v1-immutability.json
PAIRED_PATCH_HASHES_IDENTICAL,Paired-seed patch hashes identical,24,24,24/24,Nominal seeds added no final-patch variation.,frozen V1 post-primary analysis; hash-bound in artifacts/v2-preflight/v1-immutability.json
