family,record,run_id,path,syntax_hash
F01,R0001,dddd3fb81280fad928176982,/home/anjum/final-13-audit-20260906/evidence/controlled-synthetic-final-13-codex-v3/runs/dddd3fb81280fad928176982/attempts/attempt-001/workspace/app/service.py,33b9a6cc9fd8bda64e5a6e32d0274c7199afa25c00d3b16f2e014ea483800583
F01,R0002,7ac3d8c6821f5cd6e55499d2,/home/anjum/final-13-audit-20260906/evidence/controlled-synthetic-final-13-codex-v3/runs/7ac3d8c6821f5cd6e55499d2/attempts/attempt-001/workspace/app/service.py,2d0dc73e71e7aeee359406b414d1cb5b25c599a994a46b7974511b87eb92165b
F01,R0003,79073b176698ed7cde2ac8a1,/home/anjum/final-13-audit-20260906/evidence/controlled-synthetic-final-13-codex-v3/runs/79073b176698ed7cde2ac8a1/attempts/attempt-001/workspace/app/service.py,bcbf96fad41202bd2bf89bbf4a0e351b2b87fbb5e08cf71b612874748c0a3488
F01,R0005,99dcdadfc4694bb6e17dfc57,/home/anjum/final-13-audit-20260906/evidence/controlled-synthetic-final-13-codex-v3/runs/99dcdadfc4694bb6e17dfc57/attempts/attempt-001/workspace/app/service.py,118dd294338af1369f453cdc884618e04588169142d1b6355bfe7ff6077fe11d
F01,R0006,fca9a3bc6ef123aaac891d53,/home/anjum/final-13-audit-20260906/evidence/controlled-synthetic-final-13-codex-v3/runs/fca9a3bc6ef123aaac891d53/attempts/attempt-001/workspace/app/service.py,b725d56cc141b683cb5fe0ee4fa9b623ac8a28fb50e93a2918b9ad7dfccd7dea
F01,R0007,319c0e13453ae02d668f60d4,/home/anjum/final-13-audit-20260906/evidence/controlled-synthetic-final-13-codex-v3/runs/319c0e13453ae02d668f60d4/attempts/attempt-001/workspace/app/service.py,3c702fed96a3160b64d1e55ccbe67285c2eb395227915504acae28d25f7b0053
F01,R0008,7120031c6885fa1df002f72c,/home/anjum/final-13-audit-20260906/evidence/controlled-synthetic-final-13-codex-v3/runs/7120031c6885fa1df002f72c/attempts/attempt-001/workspace/app/service.py,a6d6c84b59999e39bd808054521a69ad17da883638630a9be0df044810eb8040
F01,R0109,749626191b98cd27805f52b0,/home/anjum/final-13-audit-20260906/evidence/controlled-synthetic-final-13-codex-v3/runs/749626191b98cd27805f52b0/attempts/attempt-001/workspace/app/service.py,d5c90024c473b08e907a43235c9ea105ed9087621b5cfc5905cf422883a5b2fe
F01,R0110,7bf1a3b8dad2b0465f543282,/home/anjum/final-13-audit-20260906/evidence/controlled-synthetic-final-13-codex-v3/runs/7bf1a3b8dad2b0465f543282/attempts/attempt-001/workspace/app/service.py,16b78c51cee9190ae3daf1e58c3c4fa28f217d3230ca404d42ec97cb87536127
F01,R0111,868d93f42c626858daa25bdc,/home/anjum/final-13-audit-20260906/evidence/controlled-synthetic-final-13-codex-v3/runs/868d93f42c626858daa25bdc/attempts/attempt-001/workspace/app/service.py,e202e1ca55c5b74af8cba7997905415f87351716d7e5aac42d98d03c13ef24e0
F01,R0112,81c25197515e22d5ce8b2a38,/home/anjum/final-13-audit-20260906/evidence/controlled-synthetic-final-13-codex-v3/runs/81c25197515e22d5ce8b2a38/attempts/attempt-001/workspace/app/service.py,c9ca0aa021062ee4a5bd4edf1f0b38dd4b316102cfa50530653f766cefdad862
F01,R0209,6c25b129b3b9128dbc83d365,/home/anjum/final-13-audit-20260906/evidence/controlled-synthetic-final-13-codex-terra-medium-v1/runs/6c25b129b3b9128dbc83d365/attempts/attempt-001/workspace/app/service.py,7e411a305f480f03cf28fcd4638522b34cac955292cc755a6bbed3ff119d68b8
F01,R0210,1dcef041ba7502458b85e4f5,/home/anjum/final-13-audit-20260906/evidence/controlled-synthetic-final-13-codex-terra-medium-v1/runs/1dcef041ba7502458b85e4f5/attempts/attempt-001/workspace/app/service.py,36aa778854576c631ad3f3ff23208f25dfad3ad209380d3ff29ba0cd7fe8d420
F01,R0213,451f6b33f7a9c3e0a5737763,/home/anjum/final-13-audit-20260906/evidence/controlled-synthetic-final-13-codex-terra-medium-v1/runs/451f6b33f7a9c3e0a5737763/attempts/attempt-001/workspace/app/service.py,e25edcd3a8b84e6a22f5567eeed180f8d4f41665ce4f4feaac43c852c0c85bc6
F01,R0214,5b2fa0a9f5ae551098cb62ec,/home/anjum/final-13-audit-20260906/evidence/controlled-synthetic-final-13-codex-terra-medium-v1/runs/5b2fa0a9f5ae551098cb62ec/attempts/attempt-001/workspace/app/service.py,3163106ebe8741ca2c467e5f75a0565cae49f34bda845ee4cb4d09529232b0be
F01,R0215,2e0003053271d582a0c5cef4,/home/anjum/final-13-audit-20260906/evidence/controlled-synthetic-final-13-codex-terra-medium-v1/runs/2e0003053271d582a0c5cef4/attempts/attempt-001/workspace/app/service.py,c16c3f6962b4a82d18cba40a870b8ecd9e61fe620a5361545f0d71019f010c9c
F01,R0216,9e904e0defd529b040b7c65c,/home/anjum/final-13-audit-20260906/evidence/controlled-synthetic-final-13-codex-terra-medium-v1/runs/9e904e0defd529b040b7c65c/attempts/attempt-001/workspace/app/service.py,50c67cb853895fb907bd9c1855a2634067272fd6ddc1dd741bee71b4f6c5e750
F01,R0313,7e8114fb2c3730b5ef39a3b1,/home/anjum/final-13-audit-20260906/evidence/controlled-synthetic-final-13-devstral-native-recommended-v2/7e8114fb2c3730b5ef39a3b1/working-copy/app/service.py,a42347501cb11c021c0aa9c78c7699844abc6dee3ea3c53c2fbaae7ca8124d0f
F01,R0314,dd3eed33e2b17a403986a96a,/home/anjum/final-13-audit-20260906/evidence/controlled-synthetic-final-13-devstral-native-recommended-v2/dd3eed33e2b17a403986a96a/working-copy/app/service.py,ac272c671360e0974ca29e131387cda82c8b28c2d4c8042c202fe8677007b6a4
F01,R0315,addbb2f7de8e19eb1c032acc,/home/anjum/final-13-audit-20260906/evidence/controlled-synthetic-final-13-devstral-native-recommended-v2/addbb2f7de8e19eb1c032acc/working-copy/app/service.py,de3959d5c40e85b77aa4b5945574d9f07588c6948e6d51ab7d069066eb8d1db7
F01,R0316,442bea59b7b7357af1b3908f,/home/anjum/final-13-audit-20260906/evidence/controlled-synthetic-final-13-devstral-native-recommended-v2/442bea59b7b7357af1b3908f/working-copy/app/service.py,92374d57d50ae222263f531cc7ca5f699823662e07ef552337f3aa468c18bbed
F01,R0317,d73ba422fbbbb9656619419f,/home/anjum/final-13-audit-20260906/evidence/controlled-synthetic-final-13-devstral-native-recommended-v2/d73ba422fbbbb9656619419f/working-copy/app/service.py,b9a28a0162f50fbbcdf56aeb8cbc6a842ba269e868c3eaefc17dff70cc8e6a2e
F01,R0318,21993d7ab928a905296cd22c,/home/anjum/final-13-audit-20260906/evidence/controlled-synthetic-final-13-devstral-native-recommended-v2/21993d7ab928a905296cd22c/working-copy/app/service.py,e464f1cab1996200503b731a7ff2bc8044851c72f5f7de5068b527180b8e9f2f
F01,R0319,33fdd180369a00fad0a69ee7,/home/anjum/final-13-audit-20260906/evidence/controlled-synthetic-final-13-devstral-native-recommended-v2/33fdd180369a00fad0a69ee7/working-copy/app/service.py,b9a28a0162f50fbbcdf56aeb8cbc6a842ba269e868c3eaefc17dff70cc8e6a2e
F01,R0320,42bcacfb778b9ef60a12a46a,/home/anjum/final-13-audit-20260906/evidence/controlled-synthetic-final-13-devstral-native-recommended-v2/42bcacfb778b9ef60a12a46a/working-copy/app/service.py,72c3d62611c7262e436077142ee0077d2dbccccda5779a6389db5b5aefc76caa
F01,R0417,81ae997f85820e5ea0fce4cc,/home/anjum/final-13-audit-20260906/evidence/controlled-synthetic-final-13-qwen3-coder-native-recommended-v1/81ae997f85820e5ea0fce4cc/working-copy/app/service.py,82c6955a55dd7038648452e7cc992536593347e13382e583561b5fc5ae5c9659
F01,R0418,779115323059064bf9fd928a,/home/anjum/final-13-audit-20260906/evidence/controlled-synthetic-final-13-qwen3-coder-native-recommended-v1/779115323059064bf9fd928a/working-copy/app/service.py,032456d4da701f25c43f4a484b9d9fd75964342d2b30ab3df3937fb1a22f3655
F01,R0420,2290bc6e34ce00daf09b031c,/home/anjum/final-13-audit-20260906/evidence/controlled-synthetic-final-13-qwen3-coder-native-recommended-v1/2290bc6e34ce00daf09b031c/working-copy/app/service.py,d7e48eaf859a7892263972c5168b6b157ac4996518fa8c98ac0e85351144ac82
F01,R0422,8c81ad64d4c883c19535e694,/home/anjum/final-13-audit-20260906/evidence/controlled-synthetic-final-13-qwen3-coder-native-recommended-v1/8c81ad64d4c883c19535e694/working-copy/app/service.py,d8ac974cf5ce976dbf4c3cfc8a1975d87f49dc074d15f8192d082e45f18efda1
F01,R0526,5d04565c0801eef687f86a26,/home/anjum/final-13-audit-20260906/evidence/controlled-synthetic-final-13-qwen3-coder-next-native-recommended-v2/5d04565c0801eef687f86a26/working-copy/app/service.py,70ffc3494ec6ffdc2ddb89894f0e7bb8f03d63def6730ff37d3f0930a21a9e16
F01,R0527,ec63137bfe9156daa65a26b7,/home/anjum/final-13-audit-20260906/evidence/controlled-synthetic-final-13-qwen3-coder-next-native-recommended-v2/ec63137bfe9156daa65a26b7/working-copy/app/service.py,1d496e712206c35e349c1cfb49785abb957ceb71e7772feafde69687edd328e6
F01,R0528,9bf1ac2071f815168310cca9,/home/anjum/final-13-audit-20260906/evidence/controlled-synthetic-final-13-qwen3-coder-next-native-recommended-v2/9bf1ac2071f815168310cca9/working-copy/app/service.py,44793e1f51aa619dc0686ea9da226e59b7adaa6f448304020808a20d4a90e34e
F02,R0325,91439f9d0a17bb5ae5b2f765,/home/anjum/final-13-audit-20260906/evidence/controlled-synthetic-final-13-devstral-native-recommended-v2/91439f9d0a17bb5ae5b2f765/working-copy/app/service.py,1f2a0db643c2f0bfb3a6b52b159561e79220c8750c6a7f2c8ad3131050fb90ea
F02,R0326,401f4b588b2b2df37ffe0143,/home/anjum/final-13-audit-20260906/evidence/controlled-synthetic-final-13-devstral-native-recommended-v2/401f4b588b2b2df37ffe0143/working-copy/app/service.py,1f2a0db643c2f0bfb3a6b52b159561e79220c8750c6a7f2c8ad3131050fb90ea
F02,R0529,ce2721e702acf01f7db7ddf2,/home/anjum/final-13-audit-20260906/evidence/controlled-synthetic-final-13-qwen3-coder-next-native-recommended-v2/ce2721e702acf01f7db7ddf2/working-copy/app/service.py,ca7e0e373e33685b274fa05e0ae69b0c9ee187bc17253d33b73f4190be36fb55
F02,R0530,a446b5388afc8b523c007a48,/home/anjum/final-13-audit-20260906/evidence/controlled-synthetic-final-13-qwen3-coder-next-native-recommended-v2/a446b5388afc8b523c007a48/working-copy/app/service.py,ca7e0e373e33685b274fa05e0ae69b0c9ee187bc17253d33b73f4190be36fb55
F02,R0531,6699c13e003bddf1a015b743,/home/anjum/final-13-audit-20260906/evidence/controlled-synthetic-final-13-qwen3-coder-next-native-recommended-v2/6699c13e003bddf1a015b743/working-copy/app/service.py,1f2a0db643c2f0bfb3a6b52b159561e79220c8750c6a7f2c8ad3131050fb90ea
F02,R0536,d7859f9cda50e72c0c15fd26,/home/anjum/final-13-audit-20260906/evidence/controlled-synthetic-final-13-qwen3-coder-next-native-recommended-v2/d7859f9cda50e72c0c15fd26/working-copy/app/service.py,1f2a0db643c2f0bfb3a6b52b159561e79220c8750c6a7f2c8ad3131050fb90ea
F04,R0017,367a83c193f546bdb0a91c26,/home/anjum/final-13-audit-20260906/evidence/controlled-synthetic-final-13-codex-v3/runs/367a83c193f546bdb0a91c26/attempts/attempt-001/workspace/app/service.py,54b3b8fe30f34fc0435112994d0766ffd9c41546d48406866c62f276602ee1f2
F04,R0018,572f52f2a1b6c8381f3553a6,/home/anjum/final-13-audit-20260906/evidence/controlled-synthetic-final-13-codex-v3/runs/572f52f2a1b6c8381f3553a6/attempts/attempt-001/workspace/app/service.py,e1bea2afc18c48e193f4432cfdb6c026f5fa103daa831fec84467b4e92a5729a
F04,R0019,0ad4cd114e31329348ff9f4b,/home/anjum/final-13-audit-20260906/evidence/controlled-synthetic-final-13-codex-v3/runs/0ad4cd114e31329348ff9f4b/attempts/attempt-001/workspace/app/service.py,5f6def0d08fbc13e18eb03e2c0e95e876bb5e242542f89d260d229ebb5a87ddb
F04,R0022,92553a8b954eba93c23d53f6,/home/anjum/final-13-audit-20260906/evidence/controlled-synthetic-final-13-codex-v3/runs/92553a8b954eba93c23d53f6/attempts/attempt-001/workspace/app/service.py,77740f87af93fe2d81505c7564ae519927deadc0127662671c6a58592b5aad35
F04,R0121,3d5303ef85b1febeb762ac7b,/home/anjum/final-13-audit-20260906/evidence/controlled-synthetic-final-13-codex-v3/runs/3d5303ef85b1febeb762ac7b/attempts/attempt-001/workspace/app/service.py,cdc1fa00776fa69bea72f1ad5c09adc25d967897cc1a8758d28ec024f60d992f
F04,R0122,a56e7aa12e6f8153924d009e,/home/anjum/final-13-audit-20260906/evidence/controlled-synthetic-final-13-codex-v3/runs/a56e7aa12e6f8153924d009e/attempts/attempt-001/workspace/app/service.py,3759fdb45b50a2f2a6dd567e48654e705a0f543ea8c05b95acf5aeef2460e373
F04,R0225,413a6cc24cf778e77d2701ca,/home/anjum/final-13-audit-20260906/evidence/controlled-synthetic-final-13-codex-terra-medium-v1/runs/413a6cc24cf778e77d2701ca/attempts/attempt-001/workspace/app/service.py,82e3f64f767e2e0ff1398ec408594a2da1360638d29f0d5db13decab4c99fe53
F04,R0226,e83675dc9497de269d3e660d,/home/anjum/final-13-audit-20260906/evidence/controlled-synthetic-final-13-codex-terra-medium-v1/runs/e83675dc9497de269d3e660d/attempts/attempt-001/workspace/app/service.py,164b674df4b8dcc141a1be0a56981e6a2edea7e2cfe6834c56309fda8b5ce60d
F04,R0230,008f28add6cd45197b6ca349,/home/anjum/final-13-audit-20260906/evidence/controlled-synthetic-final-13-codex-terra-medium-v1/runs/008f28add6cd45197b6ca349/attempts/attempt-001/workspace/app/service.py,20693e2c5c463422acf79c94b4a0a2032716ad45ecb4caa5111a1596e05e3b38
F08,R0025,91f5cee460f362f2f2c9b0ab,/home/anjum/final-13-audit-20260906/evidence/controlled-synthetic-final-13-codex-v3/runs/91f5cee460f362f2f2c9b0ab/attempts/attempt-001/workspace/app/service.py,2337ff8f3f35a0b90eff32695ab850d0c023a2102b95d805ac09836f29ee9908
F08,R0026,b872912a9ffc070c91094b0a,/home/anjum/final-13-audit-20260906/evidence/controlled-synthetic-final-13-codex-v3/runs/b872912a9ffc070c91094b0a/attempts/attempt-001/workspace/app/service.py,b5554e3b2ce69bd54e05009cd1156f437fb407a18e83b0b16db652068a99e44b
F08,R0027,cb73939607414dd5286f1b9c,/home/anjum/final-13-audit-20260906/evidence/controlled-synthetic-final-13-codex-v3/runs/cb73939607414dd5286f1b9c/attempts/attempt-001/workspace/app/service.py,36b84a1dab45bb25eed365f829857abbc4083bc2abfae9b8d1ef310e9eebb224
F08,R0028,d494a6c81385527934dfc202,/home/anjum/final-13-audit-20260906/evidence/controlled-synthetic-final-13-codex-v3/runs/d494a6c81385527934dfc202/attempts/attempt-001/workspace/app/service.py,2337ff8f3f35a0b90eff32695ab850d0c023a2102b95d805ac09836f29ee9908
F08,R0130,3076a16971bd5dce8c4b7c39,/home/anjum/final-13-audit-20260906/evidence/controlled-synthetic-final-13-codex-v3/runs/3076a16971bd5dce8c4b7c39/attempts/attempt-001/workspace/app/service.py,db04f042c883bb5d3f6903f9e556ab40fb75169b6f2d2a813885ccaa1c98c3b6
F08,R0233,92e8ca4946dbff61399fb5cc,/home/anjum/final-13-audit-20260906/evidence/controlled-synthetic-final-13-codex-terra-medium-v1/runs/92e8ca4946dbff61399fb5cc/attempts/attempt-001/workspace/app/service.py,36b84a1dab45bb25eed365f829857abbc4083bc2abfae9b8d1ef310e9eebb224
F08,R0234,ce2923bfe311b4a69659fe16,/home/anjum/final-13-audit-20260906/evidence/controlled-synthetic-final-13-codex-terra-medium-v1/runs/ce2923bfe311b4a69659fe16/attempts/attempt-001/workspace/app/service.py,2337ff8f3f35a0b90eff32695ab850d0c023a2102b95d805ac09836f29ee9908
F08,R0235,658cc6b17edbb4d54bef4a26,/home/anjum/final-13-audit-20260906/evidence/controlled-synthetic-final-13-codex-terra-medium-v1/runs/658cc6b17edbb4d54bef4a26/attempts/attempt-001/workspace/app/service.py,513651d0356f53957300b55965bd030a5e1d7f4e1e3f7e3e9ac2dd8fc3cd0ac1
F17,R0033,54cefa0b0e0d8d3d40d9e49c,/home/anjum/final-13-audit-20260906/evidence/controlled-synthetic-final-13-codex-v3/runs/54cefa0b0e0d8d3d40d9e49c/attempts/attempt-001/workspace/app/service.py,e7dbd31ec93a3f7e8c6ac16c7ba3d2e0d418966877233b659fba8b0d4b23caa2
F17,R0034,b1491c8e1a1548024498d350,/home/anjum/final-13-audit-20260906/evidence/controlled-synthetic-final-13-codex-v3/runs/b1491c8e1a1548024498d350/attempts/attempt-001/workspace/app/service.py,804e33631c8a97652049ec580e6949569a0f0640710997ebc78506afe1733182
F17,R0035,3c3177a2417522382cbe4a2a,/home/anjum/final-13-audit-20260906/evidence/controlled-synthetic-final-13-codex-v3/runs/3c3177a2417522382cbe4a2a/attempts/attempt-001/workspace/app/service.py,804e33631c8a97652049ec580e6949569a0f0640710997ebc78506afe1733182
F17,R0036,90a4e08ac3793d52c8a48430,/home/anjum/final-13-audit-20260906/evidence/controlled-synthetic-final-13-codex-v3/runs/90a4e08ac3793d52c8a48430/attempts/attempt-001/workspace/app/service.py,993072808f04a344f827d4c9bdbaea2e4f4a3bf35ddadc76c494d676ffc331c7
F17,R0037,ef9fced57cc95aa22e698299,/home/anjum/final-13-audit-20260906/evidence/controlled-synthetic-final-13-codex-v3/runs/ef9fced57cc95aa22e698299/attempts/attempt-001/workspace/app/service.py,804e33631c8a97652049ec580e6949569a0f0640710997ebc78506afe1733182
F17,R0038,b25530d90387b0ff6c82c489,/home/anjum/final-13-audit-20260906/evidence/controlled-synthetic-final-13-codex-v3/runs/b25530d90387b0ff6c82c489/attempts/attempt-001/workspace/app/service.py,804e33631c8a97652049ec580e6949569a0f0640710997ebc78506afe1733182
F17,R0039,c1b743c5d03ec2de78df8213,/home/anjum/final-13-audit-20260906/evidence/controlled-synthetic-final-13-codex-v3/runs/c1b743c5d03ec2de78df8213/attempts/attempt-001/workspace/app/service.py,804e33631c8a97652049ec580e6949569a0f0640710997ebc78506afe1733182
F17,R0040,3c425079f10f32ccc23effe3,/home/anjum/final-13-audit-20260906/evidence/controlled-synthetic-final-13-codex-v3/runs/3c425079f10f32ccc23effe3/attempts/attempt-001/workspace/app/service.py,e7dbd31ec93a3f7e8c6ac16c7ba3d2e0d418966877233b659fba8b0d4b23caa2
F17,R0138,536889f24e1a08ca295c9529,/home/anjum/final-13-audit-20260906/evidence/controlled-synthetic-final-13-codex-v3/runs/536889f24e1a08ca295c9529/attempts/attempt-001/workspace/app/service.py,804e33631c8a97652049ec580e6949569a0f0640710997ebc78506afe1733182
F17,R0139,ed5ea84d2d032a36c90fd1d5,/home/anjum/final-13-audit-20260906/evidence/controlled-synthetic-final-13-codex-v3/runs/ed5ea84d2d032a36c90fd1d5/attempts/attempt-001/workspace/app/service.py,804e33631c8a97652049ec580e6949569a0f0640710997ebc78506afe1733182
F17,R0140,4ead78b61cb1daaa1b1c3be3,/home/anjum/final-13-audit-20260906/evidence/controlled-synthetic-final-13-codex-v3/runs/4ead78b61cb1daaa1b1c3be3/attempts/attempt-001/workspace/app/service.py,804e33631c8a97652049ec580e6949569a0f0640710997ebc78506afe1733182
F17,R0141,1436d480f7353b811f2241f6,/home/anjum/final-13-audit-20260906/evidence/controlled-synthetic-final-13-codex-v3/runs/1436d480f7353b811f2241f6/attempts/attempt-001/workspace/app/service.py,804e33631c8a97652049ec580e6949569a0f0640710997ebc78506afe1733182
F17,R0142,be4596f24720641740331e15,/home/anjum/final-13-audit-20260906/evidence/controlled-synthetic-final-13-codex-v3/runs/be4596f24720641740331e15/attempts/attempt-001/workspace/app/service.py,804e33631c8a97652049ec580e6949569a0f0640710997ebc78506afe1733182
F17,R0144,3bcbc038a21a188910928a3a,/home/anjum/final-13-audit-20260906/evidence/controlled-synthetic-final-13-codex-v3/runs/3bcbc038a21a188910928a3a/attempts/attempt-001/workspace/app/service.py,804e33631c8a97652049ec580e6949569a0f0640710997ebc78506afe1733182
F17,R0241,654223961b093cd2e19418db,/home/anjum/final-13-audit-20260906/evidence/controlled-synthetic-final-13-codex-terra-medium-v1/runs/654223961b093cd2e19418db/attempts/attempt-001/workspace/app/service.py,804e33631c8a97652049ec580e6949569a0f0640710997ebc78506afe1733182
F17,R0242,ea360f810ce3a4d1355af6de,/home/anjum/final-13-audit-20260906/evidence/controlled-synthetic-final-13-codex-terra-medium-v1/runs/ea360f810ce3a4d1355af6de/attempts/attempt-001/workspace/app/service.py,e7dbd31ec93a3f7e8c6ac16c7ba3d2e0d418966877233b659fba8b0d4b23caa2
F17,R0243,37dd660dbee5aafc77478991,/home/anjum/final-13-audit-20260906/evidence/controlled-synthetic-final-13-codex-terra-medium-v1/runs/37dd660dbee5aafc77478991/attempts/attempt-001/workspace/app/service.py,804e33631c8a97652049ec580e6949569a0f0640710997ebc78506afe1733182
F17,R0244,16c6692dfea46b26c4f08a26,/home/anjum/final-13-audit-20260906/evidence/controlled-synthetic-final-13-codex-terra-medium-v1/runs/16c6692dfea46b26c4f08a26/attempts/attempt-001/workspace/app/service.py,804e33631c8a97652049ec580e6949569a0f0640710997ebc78506afe1733182
F17,R0245,9ddf7291c7c03ee9ffc909ee,/home/anjum/final-13-audit-20260906/evidence/controlled-synthetic-final-13-codex-terra-medium-v1/runs/9ddf7291c7c03ee9ffc909ee/attempts/attempt-001/workspace/app/service.py,a5d75a912be8646cb69f9cb0e4e20ad5b901d4a13177784876396fe187de3fc9
F17,R0246,783c8f6dfac0ab0634e1d0f3,/home/anjum/final-13-audit-20260906/evidence/controlled-synthetic-final-13-codex-terra-medium-v1/runs/783c8f6dfac0ab0634e1d0f3/attempts/attempt-001/workspace/app/service.py,a5d75a912be8646cb69f9cb0e4e20ad5b901d4a13177784876396fe187de3fc9
F17,R0247,18307164654f717e628f8801,/home/anjum/final-13-audit-20260906/evidence/controlled-synthetic-final-13-codex-terra-medium-v1/runs/18307164654f717e628f8801/attempts/attempt-001/workspace/app/service.py,804e33631c8a97652049ec580e6949569a0f0640710997ebc78506afe1733182
F17,R0248,813c1a6bdeb8691f7a2e09a9,/home/anjum/final-13-audit-20260906/evidence/controlled-synthetic-final-13-codex-terra-medium-v1/runs/813c1a6bdeb8691f7a2e09a9/attempts/attempt-001/workspace/app/service.py,804e33631c8a97652049ec580e6949569a0f0640710997ebc78506afe1733182
F17,R0345,60a5935e49ee26496694a16c,/home/anjum/final-13-audit-20260906/evidence/controlled-synthetic-final-13-devstral-native-recommended-v2/60a5935e49ee26496694a16c/working-copy/app/service.py,8aea8a0ae102ac3f13c5f3b16bdfc1d3f29dcf9f29d65ca1e21af076e2d8f395
F17,R0346,57144ab08a8f7bc53a5c785f,/home/anjum/final-13-audit-20260906/evidence/controlled-synthetic-final-13-devstral-native-recommended-v2/57144ab08a8f7bc53a5c785f/working-copy/app/service.py,993072808f04a344f827d4c9bdbaea2e4f4a3bf35ddadc76c494d676ffc331c7
F17,R0347,dc0351a09a8b91d51d52de73,/home/anjum/final-13-audit-20260906/evidence/controlled-synthetic-final-13-devstral-native-recommended-v2/dc0351a09a8b91d51d52de73/working-copy/app/service.py,8aea8a0ae102ac3f13c5f3b16bdfc1d3f29dcf9f29d65ca1e21af076e2d8f395
F17,R0348,cb8e65d6cf6917e96f976912,/home/anjum/final-13-audit-20260906/evidence/controlled-synthetic-final-13-devstral-native-recommended-v2/cb8e65d6cf6917e96f976912/working-copy/app/service.py,8aea8a0ae102ac3f13c5f3b16bdfc1d3f29dcf9f29d65ca1e21af076e2d8f395
F17,R0352,7195fba55a161c1d1a86cd5c,/home/anjum/final-13-audit-20260906/evidence/controlled-synthetic-final-13-devstral-native-recommended-v2/7195fba55a161c1d1a86cd5c/working-copy/app/service.py,c17009eb5cfaba63d31a30eb9b93c8108a042f446130b9678ee9522215948923
F17,R0450,d32e0173e89af99c160ff17a,/home/anjum/final-13-audit-20260906/evidence/controlled-synthetic-final-13-qwen3-coder-native-recommended-v1/d32e0173e89af99c160ff17a/working-copy/app/service.py,4c999da657b05ebd5791a43d048c35626de04432200f1e181a5d6c0b9f3519da
F20,R0255,15c0c01ed7a34d7ae8e9433a,/home/anjum/final-13-audit-20260906/evidence/controlled-synthetic-final-13-codex-terra-medium-v1/runs/15c0c01ed7a34d7ae8e9433a/attempts/attempt-001/workspace/app/service.py,945ff2f769227515e2789c099a2161ed69154d451283940912031b56b99f777b
X02,R0049,20967a7942fedf4f0dfb683e,/home/anjum/final-13-audit-20260906/evidence/controlled-synthetic-final-13-codex-v3/runs/20967a7942fedf4f0dfb683e/attempts/attempt-001/workspace/app/service.csirpy,4d442bace122d273526475f4344f3326e78c1e2f21eb414a63a9fc662790770f
X02,R0050,56c5479e52f4d92ae5fd577f,/home/anjum/final-13-audit-20260906/evidence/controlled-synthetic-final-13-codex-v3/runs/56c5479e52f4d92ae5fd577f/attempts/attempt-001/workspace/app/service.csirpy,52038cfde8556af04a646cc95e9f3e634a57e2373a423a51f25d680c8391f331
X02,R0056,33fcd5ded3b741f85a93afce,/home/anjum/final-13-audit-20260906/evidence/controlled-synthetic-final-13-codex-v3/runs/33fcd5ded3b741f85a93afce/attempts/attempt-001/workspace/app/service.csirpy,16ddfb04e9f4a0da5f58dabaab4757b4d7cfb38377e325222fbcea5a8b0e2c47
X02,R0155,d6bd51a9fc7f2556ee4b3448,/home/anjum/final-13-audit-20260906/evidence/controlled-synthetic-final-13-codex-v3/runs/d6bd51a9fc7f2556ee4b3448/attempts/attempt-001/workspace/app/service.csirpy,4bd17a74a1812edfcf5769c44dc9b74eb8b11d967380b4e247bae7ac34b880d2
X02,R0260,2da3f792449f456b380f1930,/home/anjum/final-13-audit-20260906/evidence/controlled-synthetic-final-13-codex-terra-medium-v1/runs/2da3f792449f456b380f1930/attempts/attempt-001/workspace/app/service.csirpy,87263f81ab14a86d0c14a7fcfe9dc6cff40c85e006f2e6d9134acdac03fba6ad
X02,R0261,2536963dec45eedcb30b4bee,/home/anjum/final-13-audit-20260906/evidence/controlled-synthetic-final-13-codex-terra-medium-v1/runs/2536963dec45eedcb30b4bee/attempts/attempt-001/workspace/app/service.csirpy,5cf25f46fe128101f4c52a976685b213c1b4cc132087e64d03166b4e0dec3762
X02,R0262,a2ae9bef402c19c67abdc858,/home/anjum/final-13-audit-20260906/evidence/controlled-synthetic-final-13-codex-terra-medium-v1/runs/a2ae9bef402c19c67abdc858/attempts/attempt-001/workspace/app/service.csirpy,73ca7b049a3592945551e4a82ef9d7fcea547f78be4fff90e662efea9b728b1b
X02,R0263,214707333d12ef01e7587d99,/home/anjum/final-13-audit-20260906/evidence/controlled-synthetic-final-13-codex-terra-medium-v1/runs/214707333d12ef01e7587d99/attempts/attempt-001/workspace/app/service.csirpy,cb4c4ed24f387012758b594ca9252d7118b210d9380f8b4cef56f9c3f2274a90
X02,R0264,91eddb7566459c421f5fcef0,/home/anjum/final-13-audit-20260906/evidence/controlled-synthetic-final-13-codex-terra-medium-v1/runs/91eddb7566459c421f5fcef0/attempts/attempt-001/workspace/app/service.csirpy,391d000ae399b398ee53fb7dbdf7d5f01cff7bc38c3513150e7223021a3bbe01
X05,R0057,e764792fc60c81be1cfb7f82,/home/anjum/final-13-audit-20260906/evidence/controlled-synthetic-final-13-codex-v3/runs/e764792fc60c81be1cfb7f82/attempts/attempt-001/workspace/app/service.py,6dcb07d2629778fae139274007a76869699422130f344105ad25486aafe9c162
X05,R0058,06cee2500d24f0e84e3de94b,/home/anjum/final-13-audit-20260906/evidence/controlled-synthetic-final-13-codex-v3/runs/06cee2500d24f0e84e3de94b/attempts/attempt-001/workspace/app/service.py,808f2d91690d2cffefff622c34719757ad04c46d05abdf19ebc52c1ac329eb0f
X05,R0059,38f77ba121acec1d12e81951,/home/anjum/final-13-audit-20260906/evidence/controlled-synthetic-final-13-codex-v3/runs/38f77ba121acec1d12e81951/attempts/attempt-001/workspace/app/service.py,3a8ef9a95803fe17f6b9842a8be8bd7a6b6f89da01b74c2daa4569aa98522502
X05,R0060,e83b600e2abde1b605547e2c,/home/anjum/final-13-audit-20260906/evidence/controlled-synthetic-final-13-codex-v3/runs/e83b600e2abde1b605547e2c/attempts/attempt-001/workspace/app/service.py,10878b2dbf7a1e94a353b9f4a21bfdb02b5141dd5ff39903750a52d61d0387d3
X05,R0061,608398c6d37f46e516e0d3f4,/home/anjum/final-13-audit-20260906/evidence/controlled-synthetic-final-13-codex-v3/runs/608398c6d37f46e516e0d3f4/attempts/attempt-001/workspace/app/service.py,4e7066ad89dd8ad346460a030803b9c83aa1088e0b2adde2ccf1b9f52be18222
X05,R0062,efcb679f0bb6ee81ca77d152,/home/anjum/final-13-audit-20260906/evidence/controlled-synthetic-final-13-codex-v3/runs/efcb679f0bb6ee81ca77d152/attempts/attempt-001/workspace/app/service.py,bc6fb604e6b7daa849fc59c63ea257ebe56dafb73fb0d93bcc436da30d65dbb3
X05,R0063,7f286ce8cb255da3ab5e675a,/home/anjum/final-13-audit-20260906/evidence/controlled-synthetic-final-13-codex-v3/runs/7f286ce8cb255da3ab5e675a/attempts/attempt-001/workspace/app/service.py,1b3597f031847c9d51bc1f570c349ac0c7134c6a585d7a19061f0b0e25d99dd7
X05,R0064,4dbdea3c1d9b933a6e657dcb,/home/anjum/final-13-audit-20260906/evidence/controlled-synthetic-final-13-codex-v3/runs/4dbdea3c1d9b933a6e657dcb/attempts/attempt-001/workspace/app/service.py,f9ae35423901de931b87784b3ea3212ce09bf29bbc88c2df9f7493666a9ed6ae
X05,R0161,8b8db58d0f558744df41dd71,/home/anjum/final-13-audit-20260906/evidence/controlled-synthetic-final-13-codex-v3/runs/8b8db58d0f558744df41dd71/attempts/attempt-001/workspace/app/service.py,9ca6795f7e2f6e02732e524a3490924f4891b55f71561a0ee02d1d7c27c437a8
X05,R0162,2a2d4f6bcb98371fb708ab9a,/home/anjum/final-13-audit-20260906/evidence/controlled-synthetic-final-13-codex-v3/runs/2a2d4f6bcb98371fb708ab9a/attempts/attempt-001/workspace/app/service.py,8cff3fd2199bf4f9ea71639de2fd0f72716c82409fa0e176a4c5a0bf91b6d548
X05,R0163,a84e48dc3967e80fd84c8908,/home/anjum/final-13-audit-20260906/evidence/controlled-synthetic-final-13-codex-v3/runs/a84e48dc3967e80fd84c8908/attempts/attempt-001/workspace/app/service.py,4850978a3d86e4bf6616a73bccf732cadf14eee3b21af4a0e219425963c42339
X05,R0165,7d95a888a8d55c0131161129,/home/anjum/final-13-audit-20260906/evidence/controlled-synthetic-final-13-codex-v3/runs/7d95a888a8d55c0131161129/attempts/attempt-001/workspace/app/service.py,2f6392fa02d6f03c303e92cc8b3448059a6c48e242bd004ee7c835325d8edf29
X05,R0167,5c8c00e9076e557fd70e5654,/home/anjum/final-13-audit-20260906/evidence/controlled-synthetic-final-13-codex-v3/runs/5c8c00e9076e557fd70e5654/attempts/attempt-001/workspace/app/service.py,901f2805140d2a1c8a4ef70079d67024988244aebbdcfd87ab7227f279b95e93
X05,R0168,6e416f463d05143e8ffbcd6a,/home/anjum/final-13-audit-20260906/evidence/controlled-synthetic-final-13-codex-v3/runs/6e416f463d05143e8ffbcd6a/attempts/attempt-001/workspace/app/service.py,a49ba07de80617562ffbe8989346e0ce653ec6c328a0cacbdd77eb37b19769ba
X05,R0265,5f44d9bb279b15f4a52b5c54,/home/anjum/final-13-audit-20260906/evidence/controlled-synthetic-final-13-codex-terra-medium-v1/runs/5f44d9bb279b15f4a52b5c54/attempts/attempt-001/workspace/app/service.py,95bb49c0bedac11ee7f39da9c418585080d343ab1e67a0099178c141fb2fa4c3
X05,R0266,c8b31b24353918eb699b83dc,/home/anjum/final-13-audit-20260906/evidence/controlled-synthetic-final-13-codex-terra-medium-v1/runs/c8b31b24353918eb699b83dc/attempts/attempt-001/workspace/app/service.py,e138748b19b602f7705696c742ca7655a2fef147c9ab387cf94eee65e57a7fd9
X05,R0267,b0bc92bac75ec4c6c53e05d1,/home/anjum/final-13-audit-20260906/evidence/controlled-synthetic-final-13-codex-terra-medium-v1/runs/b0bc92bac75ec4c6c53e05d1/attempts/attempt-001/workspace/app/service.py,e9cfbe2a7bd27c8c6182cf02937696cc313cfca10c56e756485aebf16284b8dc
X05,R0268,a812ccccf8991c76cd3c18b5,/home/anjum/final-13-audit-20260906/evidence/controlled-synthetic-final-13-codex-terra-medium-v1/runs/a812ccccf8991c76cd3c18b5/attempts/attempt-001/workspace/app/service.py,60630febb7ee46502ea5fb312c6bb7612090a6e2e8ab36fddfdb3c5c9b9158ea
X05,R0269,eb7f743236649bc96fab11bc,/home/anjum/final-13-audit-20260906/evidence/controlled-synthetic-final-13-codex-terra-medium-v1/runs/eb7f743236649bc96fab11bc/attempts/attempt-001/workspace/app/service.py,035a428ff23d8c6accc9f5aa59bbc930b3fddf2f025862d14df82952331c1f63
X05,R0271,1e8dd4dd511257bb6cfcf235,/home/anjum/final-13-audit-20260906/evidence/controlled-synthetic-final-13-codex-terra-medium-v1/runs/1e8dd4dd511257bb6cfcf235/attempts/attempt-001/workspace/app/service.py,6d845c1ce965185240dda286e857c358eaeedb01f09f4dbaf7472830b35d0507
X05,R0272,66522a4e0a6640c56b8c5caf,/home/anjum/final-13-audit-20260906/evidence/controlled-synthetic-final-13-codex-terra-medium-v1/runs/66522a4e0a6640c56b8c5caf/attempts/attempt-001/workspace/app/service.py,95d15616723903026e18c4bb50418ea669dd302b1dc40a954948cb8c9e0c9dce
X06,R0065,d16048f444b04b3ce68c2d87,/home/anjum/final-13-audit-20260906/evidence/controlled-synthetic-final-13-codex-v3/runs/d16048f444b04b3ce68c2d87/attempts/attempt-001/workspace/app/service.py,72ace81863ce448fe047f499f24991fdbf9a9d633ca369606eafbdfa954ec03d
X06,R0066,6f19a40bb04f472e8df11100,/home/anjum/final-13-audit-20260906/evidence/controlled-synthetic-final-13-codex-v3/runs/6f19a40bb04f472e8df11100/attempts/attempt-001/workspace/app/service.py,bdaad670097304c9a4c28749c8d0e8734a5749c932293ae3a18b1fac38bb71ff
X06,R0069,af71f64ad0fc6fbac61bf89a,/home/anjum/final-13-audit-20260906/evidence/controlled-synthetic-final-13-codex-v3/runs/af71f64ad0fc6fbac61bf89a/attempts/attempt-001/workspace/app/service.py,d6bd6fb27a26ef591c6bf746b4741dc1b18d35e1bc45d952a868b7ca80a68f2a
X06,R0070,f4efcee7a2e3d772bea1dfa0,/home/anjum/final-13-audit-20260906/evidence/controlled-synthetic-final-13-codex-v3/runs/f4efcee7a2e3d772bea1dfa0/attempts/attempt-001/workspace/app/service.py,f819f4178f913e044bdf10396a995ef3a72713291d93d17d4860d9977d759dbd
X06,R0071,19f19dbf221e54435f25c3fa,/home/anjum/final-13-audit-20260906/evidence/controlled-synthetic-final-13-codex-v3/runs/19f19dbf221e54435f25c3fa/attempts/attempt-001/workspace/app/service.py,71c127d4d15409f76d6bd4e95314409a6746523839849993bfaf4ba18d313122
X06,R0072,ac01cae3ce449fb3c54b6ffe,/home/anjum/final-13-audit-20260906/evidence/controlled-synthetic-final-13-codex-v3/runs/ac01cae3ce449fb3c54b6ffe/attempts/attempt-001/workspace/app/service.py,ec455a953a3d5bc47d34fba3d0780cd2e3b6e79ea5a0077026c1ce43fbedb318
X06,R0169,bb533a0ca3d9a4ac8b7ee3f1,/home/anjum/final-13-audit-20260906/evidence/controlled-synthetic-final-13-codex-v3/runs/bb533a0ca3d9a4ac8b7ee3f1/attempts/attempt-001/workspace/app/service.py,0ebecad74432ef6e602080da38d3ba61554ff719c31d54e594bc9dbfa6f4cdd7
X06,R0173,87635e1bb0ece5bdf829ba1d,/home/anjum/final-13-audit-20260906/evidence/controlled-synthetic-final-13-codex-v3/runs/87635e1bb0ece5bdf829ba1d/attempts/attempt-001/workspace/app/service.py,26e6c0cb4dd5973b3238a2669ca57c78cf152bcee24a37ad57b4ed56413955da
X06,R0175,6a93ec3884ec04fe8487bc14,/home/anjum/final-13-audit-20260906/evidence/controlled-synthetic-final-13-codex-v3/runs/6a93ec3884ec04fe8487bc14/attempts/attempt-001/workspace/app/service.py,bda7c56d9beccfa0ae6b1a7ab271aaf5ebd82d3161f140e7f2c547de272d7a2a
X06,R0176,f7bc779237595e3e135a4d47,/home/anjum/final-13-audit-20260906/evidence/controlled-synthetic-final-13-codex-v3/runs/f7bc779237595e3e135a4d47/attempts/attempt-001/workspace/app/service.py,fb06c24baddde2cde8b2585f8a4841a1ab38d3a4fab217b68cd385bf6c0f2e65
X06,R0273,e180933997bdf9925eb1d01e,/home/anjum/final-13-audit-20260906/evidence/controlled-synthetic-final-13-codex-terra-medium-v1/runs/e180933997bdf9925eb1d01e/attempts/attempt-001/workspace/app/service.py,fdba80f6c5661a688e500c333fb989e480a27b351dc2f739fa36c99cac0feb84
X06,R0274,e7bc8589e27f2ab4a924e540,/home/anjum/final-13-audit-20260906/evidence/controlled-synthetic-final-13-codex-terra-medium-v1/runs/e7bc8589e27f2ab4a924e540/attempts/attempt-001/workspace/app/service.py,dd912c069fcde75aeefe698455504f1aa744bdaab4358884e46d917809175ede
X06,R0275,1c45ce8b3fa24653a9653f98,/home/anjum/final-13-audit-20260906/evidence/controlled-synthetic-final-13-codex-terra-medium-v1/runs/1c45ce8b3fa24653a9653f98/attempts/attempt-001/workspace/app/service.py,61ec7b2136d76ec8404d2c4bddac2815691f7fa0e360460ea4b390dbda92c7de
X06,R0276,c4bb3b5b9035da5c0423d971,/home/anjum/final-13-audit-20260906/evidence/controlled-synthetic-final-13-codex-terra-medium-v1/runs/c4bb3b5b9035da5c0423d971/attempts/attempt-001/workspace/app/service.py,791ce1893e3d1e9440e802455de5475692000b1d6c3fe0128e31eff0514c8bd5
X06,R0278,a5867fcbca2d4bcb85b66d10,/home/anjum/final-13-audit-20260906/evidence/controlled-synthetic-final-13-codex-terra-medium-v1/runs/a5867fcbca2d4bcb85b66d10/attempts/attempt-001/workspace/app/service.py,2a56b4cbf420784d746962c24c9673f53b2e80be48d177e4fe6316d6bea5b095
X06,R0280,cbd52953072b0a49654c4bae,/home/anjum/final-13-audit-20260906/evidence/controlled-synthetic-final-13-codex-terra-medium-v1/runs/cbd52953072b0a49654c4bae/attempts/attempt-001/workspace/app/service.py,44c19175537cad229857e2eee8a195cbb915f30502ab37e17d22692e646325b8
X06,R0377,22d9e5708b4d20491fa51e29,/home/anjum/final-13-audit-20260906/evidence/controlled-synthetic-final-13-devstral-native-recommended-v2/22d9e5708b4d20491fa51e29/working-copy/app/service.py,f6966931e909ef75c6c6a1b3fa577d930016c24164fc004cf78fc921966b0b55
X06,R0378,a242754031730382aeab1677,/home/anjum/final-13-audit-20260906/evidence/controlled-synthetic-final-13-devstral-native-recommended-v2/a242754031730382aeab1677/working-copy/app/service.py,9cb2cae51a3598e1aae3f994660d9bcf91a0d90aee723cd1e8d4af3e5291fc5b
X06,R0379,5603743490b251ac0b14a826,/home/anjum/final-13-audit-20260906/evidence/controlled-synthetic-final-13-devstral-native-recommended-v2/5603743490b251ac0b14a826/working-copy/app/service.py,f6966931e909ef75c6c6a1b3fa577d930016c24164fc004cf78fc921966b0b55
X06,R0380,eddf7579e210694bd0755cfc,/home/anjum/final-13-audit-20260906/evidence/controlled-synthetic-final-13-devstral-native-recommended-v2/eddf7579e210694bd0755cfc/working-copy/app/service.py,00f89104d183b77d193b53575dabd83eca2922effc11a5ba6e4b3b73be39dc18
X06,R0381,70de93823377cb623180c23b,/home/anjum/final-13-audit-20260906/evidence/controlled-synthetic-final-13-devstral-native-recommended-v2/70de93823377cb623180c23b/working-copy/app/service.py,22b55cf420a7bfc2712d566f4c2440d591f0e622f64f9fe36f99f9a05aada0fc
X06,R0383,db4850165ec8c7856154415c,/home/anjum/final-13-audit-20260906/evidence/controlled-synthetic-final-13-devstral-native-recommended-v2/db4850165ec8c7856154415c/working-copy/app/service.py,cbe33c525567afe365806d54443a734003d84340e1d4f0bcdc16c9a90cb5e190
X06,R0384,ef72751f188258e3e3356dc9,/home/anjum/final-13-audit-20260906/evidence/controlled-synthetic-final-13-devstral-native-recommended-v2/ef72751f188258e3e3356dc9/working-copy/app/service.py,256ef6dec095770c81daab5ddd14470a795adba67384fe6f2abc646ff4190b90
X06,R0481,8e39563e1f7abdebc6763b0e,/home/anjum/final-13-audit-20260906/evidence/controlled-synthetic-final-13-qwen3-coder-native-recommended-v1/8e39563e1f7abdebc6763b0e/working-copy/app/service.py,29248261dfde3af7a8e2373ad3fcd1fc956dc11f97c17ab57a9d58e5b008681c
X06,R0482,cb2cfdb843ebf3f4b82e20cd,/home/anjum/final-13-audit-20260906/evidence/controlled-synthetic-final-13-qwen3-coder-native-recommended-v1/cb2cfdb843ebf3f4b82e20cd/working-copy/app/service.py,b48b109a3bc5aa4322847067a1f3806c8e512ac41572a108ee1297f67964863d
X06,R0483,e889f5888dfa9da3fb3503c9,/home/anjum/final-13-audit-20260906/evidence/controlled-synthetic-final-13-qwen3-coder-native-recommended-v1/e889f5888dfa9da3fb3503c9/working-copy/app/service.py,8d75d7949c2d304fb91b748a792df7f468a68f291367d50c0548c70b6d343b5c
X06,R0484,6be333b3ad6cfba108e7b860,/home/anjum/final-13-audit-20260906/evidence/controlled-synthetic-final-13-qwen3-coder-native-recommended-v1/6be333b3ad6cfba108e7b860/working-copy/app/service.py,d5e66beeb13ccfc442cc4834f2dde4170d4687ed10411cf4a61d1de76ea14f1f
X06,R0485,c4559fe2a7c8b7c123b0e7ed,/home/anjum/final-13-audit-20260906/evidence/controlled-synthetic-final-13-qwen3-coder-native-recommended-v1/c4559fe2a7c8b7c123b0e7ed/working-copy/app/service.py,afb4d753c4bea9b7be065bd637adbc1224e09a1ecc3590871e7e0999a36c3bcb
X06,R0486,031bf460ee242ec01a296905,/home/anjum/final-13-audit-20260906/evidence/controlled-synthetic-final-13-qwen3-coder-native-recommended-v1/031bf460ee242ec01a296905/working-copy/app/service.py,d7453f4f7b8c9fe445175f5072f6c52fce3c5b36dd3a00a7683949e33b1d395d
X06,R0487,21cdfae19490999e05a05bc8,/home/anjum/final-13-audit-20260906/evidence/controlled-synthetic-final-13-qwen3-coder-native-recommended-v1/21cdfae19490999e05a05bc8/working-copy/app/service.py,ad569ba0063f33a2658557e025856a12ba4965afda4ae257bc2ede2bf86cfde6
X06,R0488,909e8d04087f37da6c4f79f6,/home/anjum/final-13-audit-20260906/evidence/controlled-synthetic-final-13-qwen3-coder-native-recommended-v1/909e8d04087f37da6c4f79f6/working-copy/app/service.py,ad569ba0063f33a2658557e025856a12ba4965afda4ae257bc2ede2bf86cfde6
X06,R0585,2f420e92287a453373030c16,/home/anjum/final-13-audit-20260906/evidence/controlled-synthetic-final-13-qwen3-coder-next-native-recommended-v2/2f420e92287a453373030c16/working-copy/app/service.py,ab5dae961669b49990d884992404b37328828cc0a7ee70b93c83dc802697289b
X06,R0587,64f32ecc53a9df9e82fcdae2,/home/anjum/final-13-audit-20260906/evidence/controlled-synthetic-final-13-qwen3-coder-next-native-recommended-v2/64f32ecc53a9df9e82fcdae2/working-copy/app/service.py,f6966931e909ef75c6c6a1b3fa577d930016c24164fc004cf78fc921966b0b55
X06,R0588,d05f5299bf0f2a26a0b84211,/home/anjum/final-13-audit-20260906/evidence/controlled-synthetic-final-13-qwen3-coder-next-native-recommended-v2/d05f5299bf0f2a26a0b84211/working-copy/app/service.py,d5e66beeb13ccfc442cc4834f2dde4170d4687ed10411cf4a61d1de76ea14f1f
X06,R0589,e8b34f13a6f9b28579f730d5,/home/anjum/final-13-audit-20260906/evidence/controlled-synthetic-final-13-qwen3-coder-next-native-recommended-v2/e8b34f13a6f9b28579f730d5/working-copy/app/service.py,df95241369354d5b6b229a8d756399b938f09985dd3f1991a9f9dd3027de4597
X06,R0590,7d185c6d7a63f51ebc66f56d,/home/anjum/final-13-audit-20260906/evidence/controlled-synthetic-final-13-qwen3-coder-next-native-recommended-v2/7d185c6d7a63f51ebc66f56d/working-copy/app/service.py,15b4729fd403143cb8257a7b3919f3530e54bf95dead734ce30b4bdc906e1882
X06,R0591,5934de62a46ceb5e21a382ef,/home/anjum/final-13-audit-20260906/evidence/controlled-synthetic-final-13-qwen3-coder-next-native-recommended-v2/5934de62a46ceb5e21a382ef/working-copy/app/service.py,3f197185cff7cf5ebbd7acae59f2b9305390a89e72de3171bd4f417999195db1
X11,R0073,1c8028543822ef40880d5f36,/home/anjum/final-13-audit-20260906/evidence/controlled-synthetic-final-13-codex-v3/runs/1c8028543822ef40880d5f36/attempts/attempt-001/workspace/app/service.py,d3afe42a75fe2b9e4c73f007858699f97b10fe72ea335bf4035fffa66ea62354
X11,R0074,846041505f7a864c203ea1be,/home/anjum/final-13-audit-20260906/evidence/controlled-synthetic-final-13-codex-v3/runs/846041505f7a864c203ea1be/attempts/attempt-001/workspace/app/service.py,125d582ab59b25abed5cd169f148287ef2c9e03d34449f2101dffe698ca1eccc
X11,R0077,69725139b5576ba7571bbf30,/home/anjum/final-13-audit-20260906/evidence/controlled-synthetic-final-13-codex-v3/runs/69725139b5576ba7571bbf30/attempts/attempt-001/workspace/app/service.py,53d5f8e96a037dca8550e34d6f66e844ce7ad8b73c868e96b48342ebc2abe704
X11,R0078,60031b5b8a44b670d6f57b88,/home/anjum/final-13-audit-20260906/evidence/controlled-synthetic-final-13-codex-v3/runs/60031b5b8a44b670d6f57b88/attempts/attempt-001/workspace/app/service.py,3f265b73b5211d89200ba373dd275c402412ba28eccd2c6a88f8fb36455ef401
X11,R0079,d0d6eec491c1feca2ab34c65,/home/anjum/final-13-audit-20260906/evidence/controlled-synthetic-final-13-codex-v3/runs/d0d6eec491c1feca2ab34c65/attempts/attempt-001/workspace/app/service.py,b96a4277a9a9da9aed0a865466bc1c4e2b92169e3544460b04fce7dbd9a5fbde
X11,R0080,32bedde85d91ce7f02c0e080,/home/anjum/final-13-audit-20260906/evidence/controlled-synthetic-final-13-codex-v3/runs/32bedde85d91ce7f02c0e080/attempts/attempt-001/workspace/app/service.py,00bf9c0b1388e472a1001a8eb3d29f75efb058117e2a361b42c0ee1e3efbd569
X11,R0177,aeda47e032710cf852327775,/home/anjum/final-13-audit-20260906/evidence/controlled-synthetic-final-13-codex-v3/runs/aeda47e032710cf852327775/attempts/attempt-001/workspace/app/service.py,585cd48eac8ce2ded7073b9f0c15c666aa5bb6d7b6f33b1afd07e7febabf9e6e
X11,R0181,ac791bce2a30acc3ef3e6aa5,/home/anjum/final-13-audit-20260906/evidence/controlled-synthetic-final-13-codex-v3/runs/ac791bce2a30acc3ef3e6aa5/attempts/attempt-001/workspace/app/service.py,9d7b17a7f94abaf374217f08880046cf02f0f207a3d80df1e4b3e22f3b5512ac
X11,R0182,f4e8959458c2ee669240c3c3,/home/anjum/final-13-audit-20260906/evidence/controlled-synthetic-final-13-codex-v3/runs/f4e8959458c2ee669240c3c3/attempts/attempt-001/workspace/app/service.py,782accd2b362b2f6607e00c674b4f0ff1e8217f384a43b0b9febcae62374f1b3
X11,R0184,034e7ebda7ce4bd4544e33f5,/home/anjum/final-13-audit-20260906/evidence/controlled-synthetic-final-13-codex-v3/runs/034e7ebda7ce4bd4544e33f5/attempts/attempt-001/workspace/app/service.py,b82e2e9f53b35495d5a4063017803f4b123a706a27732485e8723e9327e6f44c
X11,R0281,aa37302931bebb0e8aa84bb3,/home/anjum/final-13-audit-20260906/evidence/controlled-synthetic-final-13-codex-terra-medium-v1/runs/aa37302931bebb0e8aa84bb3/attempts/attempt-001/workspace/app/service.py,89fb582882e8490f7df503e1421d7c3a8d2763b2ef6f81e8e2ef993d17e20f66
X11,R0282,4e0d06fb76a17002080a0e5c,/home/anjum/final-13-audit-20260906/evidence/controlled-synthetic-final-13-codex-terra-medium-v1/runs/4e0d06fb76a17002080a0e5c/attempts/attempt-001/workspace/app/service.py,a1da9ff01aa9ea617cf1e96366a6abe9107c78a850e48ed69079d8d696406734
X11,R0283,ce80173624f71b3e5de6323b,/home/anjum/final-13-audit-20260906/evidence/controlled-synthetic-final-13-codex-terra-medium-v1/runs/ce80173624f71b3e5de6323b/attempts/attempt-001/workspace/app/service.py,68f76395ab95e3fabf734cf59ea523b983d8b68366be0b50d7f59a28a64dfc09
X11,R0284,53d3d98ec7c8027297c80981,/home/anjum/final-13-audit-20260906/evidence/controlled-synthetic-final-13-codex-terra-medium-v1/runs/53d3d98ec7c8027297c80981/attempts/attempt-001/workspace/app/service.py,4fec1a19e9a7dcd111f810e7f0761b25cc37125203485b3a2c68c0c0a840f92f
X11,R0285,fe7cb975ef119852d4bedce0,/home/anjum/final-13-audit-20260906/evidence/controlled-synthetic-final-13-codex-terra-medium-v1/runs/fe7cb975ef119852d4bedce0/attempts/attempt-001/workspace/app/service.py,4ccc6e97b98de03821528380e214751963f0c6fd6960d8ce98ff87193dcc20bd
X11,R0286,e2343fcd907af66473586579,/home/anjum/final-13-audit-20260906/evidence/controlled-synthetic-final-13-codex-terra-medium-v1/runs/e2343fcd907af66473586579/attempts/attempt-001/workspace/app/service.py,6ca2efbc8c0814bc405e7bfb36b157a701c74e97ed93131f40717f9dacdf1d60
X11,R0287,6b802d6d1b20969147597a58,/home/anjum/final-13-audit-20260906/evidence/controlled-synthetic-final-13-codex-terra-medium-v1/runs/6b802d6d1b20969147597a58/attempts/attempt-001/workspace/app/service.py,2e371e730e11a5e0e4dd5ab9ee8969c2f2ebfa7485e257ad692964819b553cdf
X11,R0288,67af78f764e8137e1731e7c4,/home/anjum/final-13-audit-20260906/evidence/controlled-synthetic-final-13-codex-terra-medium-v1/runs/67af78f764e8137e1731e7c4/attempts/attempt-001/workspace/app/service.py,2c8a5b8d5ac6c073e07ab5e914d3d7762dd60f027c6b2b030267c2945948df2c
X11,R0389,05a1fae4eb72c2c6e9372b30,/home/anjum/final-13-audit-20260906/evidence/controlled-synthetic-final-13-devstral-native-recommended-v2/05a1fae4eb72c2c6e9372b30/working-copy/app/service.py,cb9d0328fb328f6fac23d099539a948cceed91552fff6735a124c7f32f5e4971
X11,R0390,0b08e0d0b4721dd7d54039c9,/home/anjum/final-13-audit-20260906/evidence/controlled-synthetic-final-13-devstral-native-recommended-v2/0b08e0d0b4721dd7d54039c9/working-copy/app/service.py,48e97f0e42cf9544d4b8d0bf6fc28c0e2f7559821797fdef61feebe94220cfa2
X11,R0391,d4fab97d4169bfa0b6baae88,/home/anjum/final-13-audit-20260906/evidence/controlled-synthetic-final-13-devstral-native-recommended-v2/d4fab97d4169bfa0b6baae88/working-copy/app/service.py,e0771daf964f641b6099579a89b15ae83e6e120a9e6456f8dbfeab2f4768be46
X11,R0493,eb82a77f5b20af5c8cc4c941,/home/anjum/final-13-audit-20260906/evidence/controlled-synthetic-final-13-qwen3-coder-native-recommended-v1/eb82a77f5b20af5c8cc4c941/working-copy/app/service.py,86eeb42a0d6c5bae5e500166233241ff6bf9495d3dd7d39fa3a848818a07dcc1
X11,R0494,7505cde5d502dffe4ce8c482,/home/anjum/final-13-audit-20260906/evidence/controlled-synthetic-final-13-qwen3-coder-native-recommended-v1/7505cde5d502dffe4ce8c482/working-copy/app/service.py,3055c3a38a3161e141b4b3ddcc5d0c457d2b57d1666fb5e8dfde98faf414935f
X11,R0495,71d42e09a3c6a50631ae00f3,/home/anjum/final-13-audit-20260906/evidence/controlled-synthetic-final-13-qwen3-coder-native-recommended-v1/71d42e09a3c6a50631ae00f3/working-copy/app/service.py,4d900bab5dd7727cb393ead0f90eefb526d897eb24d51f09fcf1a149f7da2682
X11,R0496,2bfb25d372387e2c066b1d99,/home/anjum/final-13-audit-20260906/evidence/controlled-synthetic-final-13-qwen3-coder-native-recommended-v1/2bfb25d372387e2c066b1d99/working-copy/app/service.py,de03f7f1ad4a706f9ee7fb140aa7ee3a0acdec5bcc61a6f499c3a3794351a426
X11,R0599,ab449c4bfe5cc002764329c9,/home/anjum/final-13-audit-20260906/evidence/controlled-synthetic-final-13-qwen3-coder-next-native-recommended-v2/ab449c4bfe5cc002764329c9/working-copy/app/service.py,85ad6f32e8157d354fd87fb383770b73d08480f1427138d80eca9c3a2c1c8500
X20,R0081,e742b1a2dddf683f05adb1f1,/home/anjum/final-13-audit-20260906/evidence/controlled-synthetic-final-13-codex-v3/runs/e742b1a2dddf683f05adb1f1/attempts/attempt-001/workspace/app/service.py,8888885a0e9e7e84e1a2cc8ae30f97f80b0e916365238a3dc5b7febbb1d2284f
X20,R0082,458b3e1e2b11bf313b1e3c52,/home/anjum/final-13-audit-20260906/evidence/controlled-synthetic-final-13-codex-v3/runs/458b3e1e2b11bf313b1e3c52/attempts/attempt-001/workspace/app/service.py,9371595f8bd4f8b69d4ba61bebf25f78e2364e33db4cbcfd85165b07469d2703
X20,R0083,b6e466800a7e91b56e7f9be0,/home/anjum/final-13-audit-20260906/evidence/controlled-synthetic-final-13-codex-v3/runs/b6e466800a7e91b56e7f9be0/attempts/attempt-001/workspace/app/service.py,7437c2b7d20a57ba3dbdeffd7d6812c16bd399dacd772c1376c8d7c8f6c3818f
X20,R0084,169fb58374da74bd21996f4c,/home/anjum/final-13-audit-20260906/evidence/controlled-synthetic-final-13-codex-v3/runs/169fb58374da74bd21996f4c/attempts/attempt-001/workspace/app/service.py,fca56ec55c1acdf2db1b8c326f6f2f1269682be77c95deaed5600c32817c8cff
X20,R0085,8ffc5babf5fed378ff37e6d6,/home/anjum/final-13-audit-20260906/evidence/controlled-synthetic-final-13-codex-v3/runs/8ffc5babf5fed378ff37e6d6/attempts/attempt-001/workspace/app/service.py,6d11bedb07a056c1771305f9d029ffccf5ed4a2a9ef9b78863d873800439c4fe
X20,R0086,947d65c50244f47af3c7941f,/home/anjum/final-13-audit-20260906/evidence/controlled-synthetic-final-13-codex-v3/runs/947d65c50244f47af3c7941f/attempts/attempt-001/workspace/app/service.py,a4075b581fd7888041f5f0645f9b5b95ce9cb816207127f65c1b9093e74c579e
X20,R0087,289d603259e3eb9ac47d0355,/home/anjum/final-13-audit-20260906/evidence/controlled-synthetic-final-13-codex-v3/runs/289d603259e3eb9ac47d0355/attempts/attempt-001/workspace/app/service.py,9371595f8bd4f8b69d4ba61bebf25f78e2364e33db4cbcfd85165b07469d2703
X20,R0088,7918f1606c3c20dfc91bcde6,/home/anjum/final-13-audit-20260906/evidence/controlled-synthetic-final-13-codex-v3/runs/7918f1606c3c20dfc91bcde6/attempts/attempt-001/workspace/app/service.py,9371595f8bd4f8b69d4ba61bebf25f78e2364e33db4cbcfd85165b07469d2703
X20,R0186,019a6605add7afbf33782843,/home/anjum/final-13-audit-20260906/evidence/controlled-synthetic-final-13-codex-v3/runs/019a6605add7afbf33782843/attempts/attempt-001/workspace/app/service.py,b4f1469bad37653228e603ae76ad15ba060fd5c7ffa8ec4e633b31dd483e0a58
X20,R0187,b798dc07320ef4857ecc6556,/home/anjum/final-13-audit-20260906/evidence/controlled-synthetic-final-13-codex-v3/runs/b798dc07320ef4857ecc6556/attempts/attempt-001/workspace/app/service.py,b4f1469bad37653228e603ae76ad15ba060fd5c7ffa8ec4e633b31dd483e0a58
X20,R0189,660873ed0132c8ebf161f15e,/home/anjum/final-13-audit-20260906/evidence/controlled-synthetic-final-13-codex-v3/runs/660873ed0132c8ebf161f15e/attempts/attempt-001/workspace/app/service.py,b4f1469bad37653228e603ae76ad15ba060fd5c7ffa8ec4e633b31dd483e0a58
X20,R0190,47d9a552e1db59df25f34b79,/home/anjum/final-13-audit-20260906/evidence/controlled-synthetic-final-13-codex-v3/runs/47d9a552e1db59df25f34b79/attempts/attempt-001/workspace/app/service.py,a58cf9fa313599b95982b22da58c2fcc9c3643dd356e69224e721d5d54ab194f
X20,R0191,0bf1f43887298c8f8f54dbae,/home/anjum/final-13-audit-20260906/evidence/controlled-synthetic-final-13-codex-v3/runs/0bf1f43887298c8f8f54dbae/attempts/attempt-001/workspace/app/service.py,335d8ef99570daa185d6d2af9ea47374cd68c558964d651592e0294cde121045
X20,R0192,a522949217d2369b4f488221,/home/anjum/final-13-audit-20260906/evidence/controlled-synthetic-final-13-codex-v3/runs/a522949217d2369b4f488221/attempts/attempt-001/workspace/app/service.py,a58cf9fa313599b95982b22da58c2fcc9c3643dd356e69224e721d5d54ab194f
X20,R0289,f1a8cbfb301e6dd865c47c5f,/home/anjum/final-13-audit-20260906/evidence/controlled-synthetic-final-13-codex-terra-medium-v1/runs/f1a8cbfb301e6dd865c47c5f/attempts/attempt-001/workspace/app/service.py,9bf6a0549106db3684f7cea0ee94796b7703dd15c1869e00d2c73e84df085cca
X20,R0290,727e23baa815fd49bf61aa93,/home/anjum/final-13-audit-20260906/evidence/controlled-synthetic-final-13-codex-terra-medium-v1/runs/727e23baa815fd49bf61aa93/attempts/attempt-001/workspace/app/service.py,a58cf9fa313599b95982b22da58c2fcc9c3643dd356e69224e721d5d54ab194f
X20,R0291,05c83b4ed4f5d471f0a62c5c,/home/anjum/final-13-audit-20260906/evidence/controlled-synthetic-final-13-codex-terra-medium-v1/runs/05c83b4ed4f5d471f0a62c5c/attempts/attempt-001/workspace/app/service.py,ab3b6cdffd90914cc88f051b4c94851f69c5473707f5a62d69389e7eda03c8c9
X20,R0292,57a511776dc0d2bdb7a3e9fb,/home/anjum/final-13-audit-20260906/evidence/controlled-synthetic-final-13-codex-terra-medium-v1/runs/57a511776dc0d2bdb7a3e9fb/attempts/attempt-001/workspace/app/service.py,a58cf9fa313599b95982b22da58c2fcc9c3643dd356e69224e721d5d54ab194f
X20,R0293,f738be227ad438672b96c6f4,/home/anjum/final-13-audit-20260906/evidence/controlled-synthetic-final-13-codex-terra-medium-v1/runs/f738be227ad438672b96c6f4/attempts/attempt-001/workspace/app/service.py,a58cf9fa313599b95982b22da58c2fcc9c3643dd356e69224e721d5d54ab194f
X20,R0294,169d235cf7cb54f31a163d6f,/home/anjum/final-13-audit-20260906/evidence/controlled-synthetic-final-13-codex-terra-medium-v1/runs/169d235cf7cb54f31a163d6f/attempts/attempt-001/workspace/app/service.py,0c6c848ba67996c00efa8b27a122320b4eef87feb1d42d43e047d6f8fd2c54df
X20,R0295,82411d1b0432ca0da0d35dfd,/home/anjum/final-13-audit-20260906/evidence/controlled-synthetic-final-13-codex-terra-medium-v1/runs/82411d1b0432ca0da0d35dfd/attempts/attempt-001/workspace/app/service.py,d865cccf9582ddaf0bf1a5e1d747fa20d9d64ec096f0f39d71a8ce8840e6246f
X20,R0296,51af388469f211dd8a256759,/home/anjum/final-13-audit-20260906/evidence/controlled-synthetic-final-13-codex-terra-medium-v1/runs/51af388469f211dd8a256759/attempts/attempt-001/workspace/app/service.py,161936a280652d15d88a12289775efa7ba714438b60dfe2be4ca086c2cac73f6
X20,R0393,90e022450c4c730f8b80e0ea,/home/anjum/final-13-audit-20260906/evidence/controlled-synthetic-final-13-devstral-native-recommended-v2/90e022450c4c730f8b80e0ea/working-copy/app/service.py,a2da1050494b0ec02a59fcbeb3efc99eed5c4f0ce84e7b380b82738ba0e83eea
X20,R0394,229d4e0482e4fb3caf84f0b5,/home/anjum/final-13-audit-20260906/evidence/controlled-synthetic-final-13-devstral-native-recommended-v2/229d4e0482e4fb3caf84f0b5/working-copy/app/service.py,a2da1050494b0ec02a59fcbeb3efc99eed5c4f0ce84e7b380b82738ba0e83eea
X20,R0395,792d15fd71c1068c1d4b54f3,/home/anjum/final-13-audit-20260906/evidence/controlled-synthetic-final-13-devstral-native-recommended-v2/792d15fd71c1068c1d4b54f3/working-copy/app/service.py,a2da1050494b0ec02a59fcbeb3efc99eed5c4f0ce84e7b380b82738ba0e83eea
X20,R0396,d2a06ff9374dafc8711691bc,/home/anjum/final-13-audit-20260906/evidence/controlled-synthetic-final-13-devstral-native-recommended-v2/d2a06ff9374dafc8711691bc/working-copy/app/service.py,a2da1050494b0ec02a59fcbeb3efc99eed5c4f0ce84e7b380b82738ba0e83eea
X20,R0397,8b0f604f583318b537a74069,/home/anjum/final-13-audit-20260906/evidence/controlled-synthetic-final-13-devstral-native-recommended-v2/8b0f604f583318b537a74069/working-copy/app/service.py,50996792c2e5c3593e7a9c47b69dd1ad6f11e5aa26ebedb21b28266325682b02
X20,R0398,e56241320a0689ad1b6a28e2,/home/anjum/final-13-audit-20260906/evidence/controlled-synthetic-final-13-devstral-native-recommended-v2/e56241320a0689ad1b6a28e2/working-copy/app/service.py,8e9a89f4ad6aa1bfb385353da33ca2c354d33932dbfdfe2fe4b3b5dabaf49029
X20,R0497,4c97881fd502c4abcc8ad078,/home/anjum/final-13-audit-20260906/evidence/controlled-synthetic-final-13-qwen3-coder-native-recommended-v1/4c97881fd502c4abcc8ad078/working-copy/app/service.py,bb0ce5f4593ea2634c265b5f4bf246cd361e303491689dbcf3657eaf364996e4
X20,R0498,5b06d76d25dda36a303a7e58,/home/anjum/final-13-audit-20260906/evidence/controlled-synthetic-final-13-qwen3-coder-native-recommended-v1/5b06d76d25dda36a303a7e58/working-copy/app/service.py,cd728f9c3765c39bb8f306115759f0d98fc3a18b52914df687b781c12f69a9c9
X20,R0499,7762777668a3b73874e19549,/home/anjum/final-13-audit-20260906/evidence/controlled-synthetic-final-13-qwen3-coder-native-recommended-v1/7762777668a3b73874e19549/working-copy/app/service.py,94285727e465db0c38d70ca257af9043d7c1d984a3b176a05aab232b85080649
X20,R0500,d2a88ab122e9880aef362985,/home/anjum/final-13-audit-20260906/evidence/controlled-synthetic-final-13-qwen3-coder-native-recommended-v1/d2a88ab122e9880aef362985/working-copy/app/service.py,c904c12b000a95ec801fa06b780b76f1c2c831d278e62e74641e8af8bd6e559e
X20,R0501,a3e80b9a0c8d5d288fbc0f62,/home/anjum/final-13-audit-20260906/evidence/controlled-synthetic-final-13-qwen3-coder-native-recommended-v1/a3e80b9a0c8d5d288fbc0f62/working-copy/app/service.py,e8319561fb5e393ce4722bd0034aa27709bf0a3ef8402eb01f5a3e5cf9a6c472
X20,R0503,301b536677aca25655ca5a32,/home/anjum/final-13-audit-20260906/evidence/controlled-synthetic-final-13-qwen3-coder-native-recommended-v1/301b536677aca25655ca5a32/working-copy/app/service.py,2c5d40902b01e62f9d5aac9890b8d1712264129d33f6cc8a6d38e61d86ba7d6d
X20,R0504,dbe1381643af0539e188261b,/home/anjum/final-13-audit-20260906/evidence/controlled-synthetic-final-13-qwen3-coder-native-recommended-v1/dbe1381643af0539e188261b/working-copy/app/service.py,fb30c88262aa70d7d5af4dba8d3eee70c8eac9e19e45656e583ec17d2f6c1dd4
X20,R0603,aeaef17cd4cadbe71eedf423,/home/anjum/final-13-audit-20260906/evidence/controlled-synthetic-final-13-qwen3-coder-next-native-recommended-v2/aeaef17cd4cadbe71eedf423/working-copy/app/service.py,d1b0255aa1e69baa82e438177c8193eddf4aa78366f8b1e520c4002b948bd2c4
X20,R0608,44bd3a5f37dd86d56cbb8212,/home/anjum/final-13-audit-20260906/evidence/controlled-synthetic-final-13-qwen3-coder-next-native-recommended-v2/44bd3a5f37dd86d56cbb8212/working-copy/app/service.py,9367683827b7d53dbe72be03f522ab7cbe1c4b8ee58be899a35c82e6f712e02a
X24,R0089,6f063bf66b4dec4e96f6ab68,/home/anjum/final-13-audit-20260906/evidence/controlled-synthetic-final-13-codex-v3/runs/6f063bf66b4dec4e96f6ab68/attempts/attempt-001/workspace/app/service.py,cb81d888b0d7ae48c51a9a579045054a4b6bd0ddae2b0f2c5e0e82b29fd4d51a
X24,R0090,940bf15ef254575acdbeba69,/home/anjum/final-13-audit-20260906/evidence/controlled-synthetic-final-13-codex-v3/runs/940bf15ef254575acdbeba69/attempts/attempt-001/workspace/app/service.py,315eb50ff72ae644a84a1202c4a1e69b379616691faa2eba4bd57fd486e84d06
X24,R0091,fca4138da29e6c5c16b036e6,/home/anjum/final-13-audit-20260906/evidence/controlled-synthetic-final-13-codex-v3/runs/fca4138da29e6c5c16b036e6/attempts/attempt-001/workspace/app/service.py,f05442ce03f68948424167f508b64b8bc81a1dd5a4a617381a5e28acf2c3475c
X24,R0092,e479c9f31098126618eda6d8,/home/anjum/final-13-audit-20260906/evidence/controlled-synthetic-final-13-codex-v3/runs/e479c9f31098126618eda6d8/attempts/attempt-001/workspace/app/service.py,d6fed0295497d4f2c9d494f1be051b3b4bb5cf893fea226307e7b9c5d708aa61
X24,R0093,f6587a0d3e65abcf820b9b4b,/home/anjum/final-13-audit-20260906/evidence/controlled-synthetic-final-13-codex-v3/runs/f6587a0d3e65abcf820b9b4b/attempts/attempt-001/workspace/app/service.py,b5555039a0a347f20f8670110d33ee741bde2dfcf4f0c8b7ec6ee95231348878
X24,R0094,cb5a12b41e0e9da0fd47af34,/home/anjum/final-13-audit-20260906/evidence/controlled-synthetic-final-13-codex-v3/runs/cb5a12b41e0e9da0fd47af34/attempts/attempt-001/workspace/app/service.py,3edadbb5cd8f83c30cc5ee8e5c476dfbcb0e37d6270fe01c00ae3aea940cde04
X24,R0095,82b017ae3c1f587dd27b9910,/home/anjum/final-13-audit-20260906/evidence/controlled-synthetic-final-13-codex-v3/runs/82b017ae3c1f587dd27b9910/attempts/attempt-001/workspace/app/service.py,5b2ad53715a241394b7e8e4f46083a54216caaf24c6092107449d72dfb60f1d7
X24,R0096,891b0e811fca4420b6c9498f,/home/anjum/final-13-audit-20260906/evidence/controlled-synthetic-final-13-codex-v3/runs/891b0e811fca4420b6c9498f/attempts/attempt-001/workspace/app/service.py,758d704d9a533d77c36898525bdd1d92407113d55bbfa63fb59b1081f6f7fb45
X24,R0193,849d381fbec6fd6a471c4d38,/home/anjum/final-13-audit-20260906/evidence/controlled-synthetic-final-13-codex-v3/runs/849d381fbec6fd6a471c4d38/attempts/attempt-001/workspace/app/service.py,2d6f47007fee92f0dc9f7964d25c201086ea00409223d2c669bad9f3589cd389
X24,R0195,89b02f40e7e1c551b2e01fad,/home/anjum/final-13-audit-20260906/evidence/controlled-synthetic-final-13-codex-v3/runs/89b02f40e7e1c551b2e01fad/attempts/attempt-001/workspace/app/service.py,d08834445c0188e1c3d04ee71824732f6904a4212bbef165747299d88234824a
X24,R0196,91cf30fff79a01f84a7e43dc,/home/anjum/final-13-audit-20260906/evidence/controlled-synthetic-final-13-codex-v3/runs/91cf30fff79a01f84a7e43dc/attempts/attempt-001/workspace/app/service.py,be5d6ab3ba5ff5ad732e9c4026db8812fba31145735fcc1a7cddc52b40019d87
X24,R0198,e6d110e649584901537e831a,/home/anjum/final-13-audit-20260906/evidence/controlled-synthetic-final-13-codex-v3/runs/e6d110e649584901537e831a/attempts/attempt-001/workspace/app/service.py,3724d983111735691315e5a7e18ec57611985ab137450fd842e853b6c68b907c
X24,R0199,c8c3c5323d7fe52dc49acdbe,/home/anjum/final-13-audit-20260906/evidence/controlled-synthetic-final-13-codex-v3/runs/c8c3c5323d7fe52dc49acdbe/attempts/attempt-001/workspace/app/service.py,f4c5557e7fcd3a82efa344f5036d2d5a54b34350c4cc2e3040388304cf49b936
X24,R0297,7337f315c571e66620c16902,/home/anjum/final-13-audit-20260906/evidence/controlled-synthetic-final-13-codex-terra-medium-v1/runs/7337f315c571e66620c16902/attempts/attempt-001/workspace/app/service.py,7e6959b5b5e5c928cb68d6461076cee645bd068ca358b2da833e284963f7bf88
X24,R0298,15dd585e51f5277650976544,/home/anjum/final-13-audit-20260906/evidence/controlled-synthetic-final-13-codex-terra-medium-v1/runs/15dd585e51f5277650976544/attempts/attempt-001/workspace/app/service.py,f7d486bfc1a93298807825e746380bc6a2778221f14dcede73f167cca4936318
X24,R0299,9242bdbbc561fd496008d943,/home/anjum/final-13-audit-20260906/evidence/controlled-synthetic-final-13-codex-terra-medium-v1/runs/9242bdbbc561fd496008d943/attempts/attempt-001/workspace/app/service.py,1d19e5e92795dc399c5ea1a9a93a7e476305dc10e07d41521462ba97142c5302
X24,R0300,28c3255750ea6b80d33130df,/home/anjum/final-13-audit-20260906/evidence/controlled-synthetic-final-13-codex-terra-medium-v1/runs/28c3255750ea6b80d33130df/attempts/attempt-001/workspace/app/service.py,e42a33363c386557ed445b5f0197702d2fdc16180c6ab33bbaa8b8157cb0cb15
X24,R0301,9561a5f1e429658272899e0f,/home/anjum/final-13-audit-20260906/evidence/controlled-synthetic-final-13-codex-terra-medium-v1/runs/9561a5f1e429658272899e0f/attempts/attempt-001/workspace/app/service.py,921ca51c5d3bdd8b0eb30555c14688ec41e70b238c13f14df9410b052da5d083
X24,R0302,6a85f6097165b2809138a775,/home/anjum/final-13-audit-20260906/evidence/controlled-synthetic-final-13-codex-terra-medium-v1/runs/6a85f6097165b2809138a775/attempts/attempt-001/workspace/app/service.py,5621571a1ca27b5a6f23450a64ef37fe22809fd64fa72ca3a7a598ce474b4169
X24,R0303,46d81ed0aba65b11e825aaf6,/home/anjum/final-13-audit-20260906/evidence/controlled-synthetic-final-13-codex-terra-medium-v1/runs/46d81ed0aba65b11e825aaf6/attempts/attempt-001/workspace/app/service.py,0881602bf1b074b3cebad5169c4cd6115f1143c0368b30c7f2955ac2f2a65d2d
X24,R0304,6052a082affb1e12ec8f49c9,/home/anjum/final-13-audit-20260906/evidence/controlled-synthetic-final-13-codex-terra-medium-v1/runs/6052a082affb1e12ec8f49c9/attempts/attempt-001/workspace/app/service.py,f09569bd80157c146ee186420cf011d4fecf435287d8e91a78ea65a285dcb23b
X24,R0401,a2a030f8aa1b142a59fd9922,/home/anjum/final-13-audit-20260906/evidence/controlled-synthetic-final-13-devstral-native-recommended-v2/a2a030f8aa1b142a59fd9922/working-copy/app/service.py,c6673d92170bfd2eb3925c752dbf277935ae4e4c6d7dd8a18bf787af7e72b4bb
X24,R0402,b759c0205d0840667e6c3e9c,/home/anjum/final-13-audit-20260906/evidence/controlled-synthetic-final-13-devstral-native-recommended-v2/b759c0205d0840667e6c3e9c/working-copy/app/service.py,3f23f8483dc6cb4c190d5893be25dcbd4b89b15ca278acb0997b28e206d9e1a5
X24,R0403,1193d1c90499107ae20f0561,/home/anjum/final-13-audit-20260906/evidence/controlled-synthetic-final-13-devstral-native-recommended-v2/1193d1c90499107ae20f0561/working-copy/app/service.py,3f23f8483dc6cb4c190d5893be25dcbd4b89b15ca278acb0997b28e206d9e1a5
X24,R0404,e11c7ff18cc0e2efe05de180,/home/anjum/final-13-audit-20260906/evidence/controlled-synthetic-final-13-devstral-native-recommended-v2/e11c7ff18cc0e2efe05de180/working-copy/app/service.py,2f8cd6de73693ed36e83eb23030fd028c92456eb244ac2952929de4a2a7c9414
X24,R0405,33c518a55a5bcca5aa39a111,/home/anjum/final-13-audit-20260906/evidence/controlled-synthetic-final-13-devstral-native-recommended-v2/33c518a55a5bcca5aa39a111/working-copy/app/service.py,9f4a3a039587890c3af95f375b5b187e42c9ad8a7dedafa7ed18f3984dda09f5
X24,R0406,b940a02fb96c7f7b2d475ee1,/home/anjum/final-13-audit-20260906/evidence/controlled-synthetic-final-13-devstral-native-recommended-v2/b940a02fb96c7f7b2d475ee1/working-copy/app/service.py,2cb2910a385a0a7833bc5384829238574f345b6f94b106da682d5553b13dc4cb
X24,R0407,a8555a2063a2711232db4fc8,/home/anjum/final-13-audit-20260906/evidence/controlled-synthetic-final-13-devstral-native-recommended-v2/a8555a2063a2711232db4fc8/working-copy/app/service.py,19e85b636fa633b0aa6455d781a04b7cb8c77f73d1151a050404ee00a0bfb8c3
X24,R0408,079d325cdb24fed02c9e5bc5,/home/anjum/final-13-audit-20260906/evidence/controlled-synthetic-final-13-devstral-native-recommended-v2/079d325cdb24fed02c9e5bc5/working-copy/app/service.py,54e3f8c3881041a5392521abe43691aa08021d813801f32f8364fa8e54373c95
X24,R0505,6b6f7ad71146fd07733e9a77,/home/anjum/final-13-audit-20260906/evidence/controlled-synthetic-final-13-qwen3-coder-native-recommended-v1/6b6f7ad71146fd07733e9a77/working-copy/app/service.py,51a434a7633194e723901f06d713f7d36760559add0aa98201464e9da4b9c662
X24,R0506,ffcda063be7bfe9fb69166ef,/home/anjum/final-13-audit-20260906/evidence/controlled-synthetic-final-13-qwen3-coder-native-recommended-v1/ffcda063be7bfe9fb69166ef/working-copy/app/service.py,8993658b6b4d4f200680b9b71b9909fbaf692a4732e997cb623fb3b985f496e9
X24,R0507,198c83f4b73dff5de2be0773,/home/anjum/final-13-audit-20260906/evidence/controlled-synthetic-final-13-qwen3-coder-native-recommended-v1/198c83f4b73dff5de2be0773/working-copy/app/service.py,40d3e3d7fb3118720d86aa87a8acef0180bfc3f118297ef411036525db8744fe
X24,R0508,c1058fe788167ddcedb220bf,/home/anjum/final-13-audit-20260906/evidence/controlled-synthetic-final-13-qwen3-coder-native-recommended-v1/c1058fe788167ddcedb220bf/working-copy/app/service.py,5cc9747bab362cf0184f058819224f220186c2cc619a101a093ff7b7fa4ee2d0
X24,R0509,8ef96f66674ea7567bfa5e62,/home/anjum/final-13-audit-20260906/evidence/controlled-synthetic-final-13-qwen3-coder-native-recommended-v1/8ef96f66674ea7567bfa5e62/working-copy/app/service.py,ce63bab329412df3ffac634efbeca81a05b2fa0c5d0d52e28cb04b9cc8d70170
X24,R0510,42fdea981748ed176958b28c,/home/anjum/final-13-audit-20260906/evidence/controlled-synthetic-final-13-qwen3-coder-native-recommended-v1/42fdea981748ed176958b28c/working-copy/app/service.py,d28e12e039e554bf6cd15122537faed0406b7d3184be1b1c1fbea14734fa4fe4
X24,R0511,06df9c0846aa58f37ec37079,/home/anjum/final-13-audit-20260906/evidence/controlled-synthetic-final-13-qwen3-coder-native-recommended-v1/06df9c0846aa58f37ec37079/working-copy/app/service.py,5cc9747bab362cf0184f058819224f220186c2cc619a101a093ff7b7fa4ee2d0
X24,R0512,a55c69d6f64a7d9cddabc8bb,/home/anjum/final-13-audit-20260906/evidence/controlled-synthetic-final-13-qwen3-coder-native-recommended-v1/a55c69d6f64a7d9cddabc8bb/working-copy/app/service.py,ea52305d9188c7ade68e5e493d7060e560ec8757d134b49ea522b71bfe8ae8d4
X24,R0610,eb7edecc90078c8e6b4d0f63,/home/anjum/final-13-audit-20260906/evidence/controlled-synthetic-final-13-qwen3-coder-next-native-recommended-v2/eb7edecc90078c8e6b4d0f63/working-copy/app/service.py,841f4e825800e2acd13c7549e432d0ea56303668dce183304842bbec477961af
X24,R0611,137c1847236decde933a1430,/home/anjum/final-13-audit-20260906/evidence/controlled-synthetic-final-13-qwen3-coder-next-native-recommended-v2/137c1847236decde933a1430/working-copy/app/service.py,2b293d65da74eab951cec873a6660fe8b2b42db70ebfef265eac20bf1103d31e
X24,R0613,2834504f8c616d1865b5e18f,/home/anjum/final-13-audit-20260906/evidence/controlled-synthetic-final-13-qwen3-coder-next-native-recommended-v2/2834504f8c616d1865b5e18f/working-copy/app/service.py,618b12bb63b421af3baf5a276e126eb64397ac2b9f20276481a5b4150e716b18
X28,R0098,8b43ee2dd6b1b447c088c979,/home/anjum/final-13-audit-20260906/evidence/controlled-synthetic-final-13-codex-v3/runs/8b43ee2dd6b1b447c088c979/attempts/attempt-001/workspace/app/service.py,f4983b322568cdeeb2b9f988ad0bfa22f1b8a0119c6ff5d1dd36352e01bd1658
X28,R0099,52e3e7919286bf804d5327a9,/home/anjum/final-13-audit-20260906/evidence/controlled-synthetic-final-13-codex-v3/runs/52e3e7919286bf804d5327a9/attempts/attempt-001/workspace/app/service.py,46ff67bd56e1a244f16cdd75264366a1b6a1f3f844e7808e127ba88044316d07
X28,R0104,3d6b2fd185889a524fdaccf5,/home/anjum/final-13-audit-20260906/evidence/controlled-synthetic-final-13-codex-v3/runs/3d6b2fd185889a524fdaccf5/attempts/attempt-001/workspace/app/service.py,f4983b322568cdeeb2b9f988ad0bfa22f1b8a0119c6ff5d1dd36352e01bd1658
